﻿<?xml version="1.0" encoding="utf-8"?>
<CodeTemplates version="3.0">
  <CodeTemplate version="2.0">
    <Header>
      <_Group>C#</_Group>
      <Version>1.0</Version>
      <MimeType>text/x-csharp</MimeType>
      <Shortcut>try</Shortcut>
      <_Description>Template for try...catch</_Description>
      <TemplateType>Expansion, SurroundsWith</TemplateType>
    </Header>
    <Variables>
      <Variable name="SystemException" isEditable="false">
        <Default>System.Exception</Default>
        <Function>GetSimpleTypeName("System#Exception")</Function>
      </Variable>
    </Variables>
    <Code><![CDATA[try {
	$selected$
} catch ($SystemException$ ex) {
	$end$
}]]></Code>
  </CodeTemplate>
</CodeTemplates>