﻿<?xml version="1.0" encoding="utf-8"?>
<CodeTemplates version="3.0">
  <CodeTemplate version="2.0">
    <Header>
      <_Group>C#</_Group>
      <Version>1.0</Version>
      <MimeType>text/x-csharp</MimeType>
      <Shortcut>unsafe</Shortcut>
      <_Description>Template for 'unsafe' block</_Description>
      <TemplateType>Expansion, SurroundsWith</TemplateType>
    </Header>
    <Variables />
    <Code><![CDATA[unsafe {
	$selected$$end$
}]]></Code>
  </CodeTemplate>
</CodeTemplates>