﻿<?xml version="1.0" encoding="utf-8"?>
<CodeTemplates version="3.0">
  <CodeTemplate version="2.0">
    <Header>
      <_Group>C#</_Group>
      <Version>1.0</Version>
      <MimeType>text/x-csharp</MimeType>
      <Shortcut>while</Shortcut>
      <_Description>Template for 'while' loop</_Description>
      <TemplateType>Expansion, SurroundsWith</TemplateType>
    </Header>
    <Variables>
      <Variable name="expression">
        <Default>true</Default>
        <_ToolTip>Expression to evaluate</_ToolTip>
      </Variable>
    </Variables>
    <Code><![CDATA[while ($expression$) {
	$selected$$end$
}]]></Code>
  </CodeTemplate>
</CodeTemplates>