﻿<EditorStyle name="Oblivion" _description="'...where the soul at last is lost in utter peace'">
  <Style name="text" color="#D3D7CF" bgColor="#2E3436" />
  <Style name="text.selection" color="#00000000" bgColor="#555753" />
  <Style name="text.selection.inactive" color="#00000000" bgColor="#111111" />
  <Style name="text.background.readonly" color="#111111" />
  <Style name="text.background.searchresult" color="#006060" />
  <Style name="text.background.searchresult-main" color="#008080" />
  <Style name="text.link" color="#EDD400" />
  <Style name="marker.line" color="#111111" />
  <Style name="marker.line.changed" color="#73D216" />
  <Style name="marker.line.dirty" color="#EDD400" />
  <Style name="marker.template.primary_template" color="#E9B96E" bgColor="#8F5902" />
  <Style name="marker.template.primary_highlighted_template" color="#E9B96E" bgColor="#C17D11" />
  <Style name="marker.template.secondary_template" color="#FFFFFF" bgColor="#2E3436" />
  <Style name="marker.template.secondary_highlighted_template" color="#EEEEEC" bgColor="#555753" />
  <Style name="marker.ruler" color="#555753" />
  <Style name="marker.bracket" color="#888A85" bgColor="#555753" />
  <Style name="marker.usages" color="#888A85" bgColor="#555753" />
  <Style name="marker.bookmark.color1" color="#EEEEEC" />
  <Style name="marker.bookmark.color2" color="#888A85" />
  <Style name="diff.line-added" color="#EDD400" />
  <Style name="diff.line-removed" color="#729FCF" />
  <Style name="diff.line-changed" color="#AD7FA8" />
  <Style name="diff.header" color="#8AE234" weight="Bold" />
  <Style name="diff.header-seperator" color="#888A85" />
  <Style name="diff.header-oldfile" color="#8AE234" weight="Bold" />
  <Style name="diff.header-newfile" color="#8AE234" weight="Bold" />
  <Style name="diff.location" color="#8AE234" />
  <Style name="bubble.warning" color="#BABDB6" bgColor="#444400" />
  <Style name="bubble.error" color="#BABDB6" bgColor="#440000" />
  <Style name="linenumber" color="#555753" bgColor="#111111" />
  <Style name="iconbar" color="#111111" />
  <Style name="iconbar.separator" color="#2E3436" />
  <Style name="fold" color="#BABDB6" bgColor="#000000" />
  <Style name="fold.margin" color="#FFFFFF" bgColor="#111111" />
  <Style name="comment" color="#888A85" />
  <Style name="comment.keyword.todo" color="#888A85" bgColor="#FCE94F" weight="Bold" />
  <Style name="comment.keyword" color="#888A85" weight="Bold" />
  <Style name="comment.tag" color="#888A85" />
  <Style name="text.punctuation" color="#EDD400" />
  <Style name="text.preprocessor" color="#729FCF" weight="Italic" />
  <Style name="text.preprocessor.keyword" color="#729FCF" weight="Bold" />
  <Style name="xml" color="#D3D7CF" bgColor="#2E3436" />
  <Style name="xml.tag" color="#D3D7CF" />
  <Style name="xml.name" color="#729FCF" />
  <Style name="xml.attribute" color="#73D216" />
  <Style name="xml.cdata" color="#EDD400" />
  <Style name="tooltip" color="#D3D7CF" bgColor="#555753" />
  <Style name="tooltip.border" color="#EEEEEC" />
  <Style name="tooltip.pager.text" color="#D3D7CF" />
  <Style name="tooltip.pager.top" color="#555753" />
  <Style name="tooltip.pager.bottom" color="#555753" />
  <Style name="tooltip.pager.triangle" color="#D3D7CF" />
  <Style name="completion" color="#434343" bgColor="#F0F6F8" />
  <Style name="completion.highlight" color="#BA3373" />
  <Style name="completion.selection" color="#F8FCFC" bgColor="#DFF4F0" />
  <Style name="completion.selection.border" color="#C9C9C9" />
  <Style name="completion.selection.inactive" color="#F9F9F9" bgColor="#E6E6E6" />
  <Style name="completion.selection.inactive.border" color="#BEBEBE" />
  <Style name="constant" color="#EDD400" />
  <Style name="constant.digit" color="#EDD400" />
  <Style name="constant.language" color="#CE5C00" />
  <Style name="constant.language.void" color="#AD7FA8" weight="Bold" />
  <Style name="string" color="#EDD400" />
  <Style name="string.escape" color="#C4A000" />
  <Style name="string.single" color="#EDD400" />
  <Style name="string.double" color="#EDD400" />
  <Style name="string.other" color="#EDD400" />
  <Style name="keyword.access" color="#AD7FA8" weight="Bold" />
  <Style name="keyword.operator" color="#AD7FA8" weight="Bold" />
  <Style name="keyword.selection" color="#FFFFFF" weight="Bold" />
  <Style name="keyword.iteration" color="#AD7FA8" weight="Bold" />
  <Style name="keyword.jump" color="#AD7FA8" weight="Bold" />
  <Style name="keyword.context" color="#FFFFFF" weight="Bold" />
  <Style name="keyword.exceptions" color="#FFFFFF" weight="Bold" />
  <Style name="keyword.modifier" color="#AD7FA8" weight="Bold" />
  <Style name="keyword.type" color="#8AE234" weight="Bold" />
  <Style name="keyword.namespace" color="#AD7FA8" weight="Bold" />
  <Style name="keyword.property" color="#AD7FA8" weight="Bold" />
  <Style name="keyword.declaration" color="#AD7FA8" weight="Bold" />
  <Style name="keyword.parameter" color="#FFFFFF" weight="Bold" />
  <Style name="keyword.operator.declaration" color="#AD7FA8" weight="Bold" />
  <Style name="keyword.misc" color="#FFFFFF" weight="Bold" />
  <Style name="keyword.semantic.type" color="#8AE234" />
  <Style name="keyword.semantic.field" color="#D3D7CF" weight="Italic" />
  <Style name="keyword.semantic.property" color="#D3D7CF" weight="Italic" />
  <Style name="keyword.semantic.method" color="#D3D7CF" weight="Italic" />
  <Style name="keyword.semantic.error" color="#EF2929" />
</EditorStyle>