﻿<EditorStyle name="Regal Obsidian" _description="Low contrast color theme by @TrofSivart">
  <Style name="text" color="#F3F2F1" bgColor="#222829" />
  <Style name="text.background" color="#FFFFFF" />
  <Style name="text.background.readonly" color="#252620" />
  <Style name="text.background.searchresult-main" color="#7B7A00" />
  <Style name="text.background.searchresult" color="#3D4205" />
  <Style name="text.selection" color="#FFFFFF" bgColor="#38545D" />
  <Style name="text.selection.inactive" color="#FFFFFF" bgColor="#38545D" />
  <Style name="text.link" color="#0000FF" />
  <Style name="text.punctuation" color="#F8F8F2" />
  <Style name="text.preprocessor" color="#74D5D7" />
  <Style name="text.preprocessor.keyword" color="#74D5D7" />
  <Style name="xml" color="#F8F8F2" bgColor="#272822" />
  <Style name="xml.tag" color="#F8F8F2" />
  <Style name="xml.name" color="#A082BD" />
  <Style name="xml.attribute" color="#81ADEF" />
  <Style name="xml.cdata" color="#8FC4AD" />
  <Style name="template" color="#F7F7F1" bgColor="#363731" />
  <Style name="template.tag" color="#FF00FF" />
  <Style name="template.directive" color="#FF00FF" />
  <Style name="tooltip" color="#000000" bgColor="#272725" />
  <Style name="tooltip.border" color="#989892" />
  <Style name="tooltip.pager.text" color="#C8C8C2" />
  <Style name="tooltip.pager.top" color="#292A25" />
  <Style name="tooltip.pager.bottom" color="#292A25" />
  <Style name="tooltip.pager.triangle" color="#C8C8C2" />
  <Style name="completion" color="#434343" bgColor="#F0F6F8" />
  <Style name="completion.highlight" color="#BA3373" />
  <Style name="completion.selection" color="#F8FCFC" bgColor="#DFF4F0" />
  <Style name="completion.selection.border" color="#C9C9C9" />
  <Style name="completion.selection.inactive" color="#F9F9F9" bgColor="#E6E6E6" />
  <Style name="completion.selection.inactive.border" color="#BEBEBE" />
  <Style name="diff.line-added" color="#008A8B" />
  <Style name="diff.line-removed" color="#6A59CD" />
  <Style name="diff.line-changed" color="#336699" />
  <Style name="diff.header" color="#008000" weight="Bold" />
  <Style name="diff.header-seperator" color="#0000FF" />
  <Style name="diff.header-oldfile" color="#008000" weight="Bold" />
  <Style name="diff.header-newfile" color="#008000" weight="Bold" />
  <Style name="diff.location" color="#FB8B00" />
  <Style name="marker.line" color="#2F3A3B" />
  <Style name="marker.line.changed" color="#A4E22E" />
  <Style name="marker.line.dirty" color="#E6DB74" />
  <Style name="marker.ruler" color="#948230" />
  <Style name="marker.bracket" color="#505050" bgColor="#505050" />
  <Style name="marker.usages" color="#000000" bgColor="#101010" />
  <Style name="marker.bookmark.color1" color="#FDD99B" />
  <Style name="marker.bookmark.color2" color="#816647" />
  <Style name="marker.underline" color="#FF0000" />
  <Style name="marker.underline.error" color="#FF0000" />
  <Style name="marker.underline.warning" color="#FFA500" />
  <Style name="marker.underline.suggestion" color="#8FC68F" />
  <Style name="marker.underline.hint" color="#8F8FC6" />
  <Style name="marker.template.primary_template" color="#F8F8F2" bgColor="#7F4A81" />
  <Style name="marker.template.primary_highlighted_template" color="#F8F8F2" bgColor="#B167B3" />
  <Style name="marker.template.secondary_template" color="#F8F8F2" bgColor="#262228" />
  <Style name="marker.template.secondary_highlighted_template" color="#F8F8F2" bgColor="#4E4552" />
  <Style name="marker.breakpoint" color="#FFFFFF" bgColor="#762C2C" />
  <Style name="marker.breakpoint.color1" color="#FFFFFF" />
  <Style name="marker.breakpoint.color2" color="#762C2C" />
  <Style name="marker.breakpoint.invalid" color="#EDDCDC" />
  <Style name="marker.breakpoint.invalid.color1" color="#EDDCDC" />
  <Style name="marker.breakpoint.invalid.background" color="#EDDCDC" />
  <Style name="marker.breakpoint.invalid.border" color="#AB616B" />
  <Style name="marker.breakpoint.disabled.background" color="#EDDCDC" />
  <Style name="bubble.warning" color="#000000" bgColor="#444400" />
  <Style name="bubble.error" color="#FFFFFF" bgColor="#440000" />
  <Style name="linenumber" color="#AAADA2" bgColor="#293134" />
  <Style name="iconbar" color="#293134" />
  <Style name="iconbar.separator" color="#948230" />
  <Style name="fold" color="#948230" bgColor="#252621" />
  <Style name="fold.margin" color="#FFFFFF" bgColor="#000000" />
  <Style name="comment" color="#74C9A5" />
  <Style name="comment.keyword" color="#74705D" weight="Bold" />
  <Style name="constant" color="#E8DF72" />
  <Style name="constant.language.void" color="#A082BD" />
  <Style name="string" color="#FFA041" />
  <Style name="string.escape" color="#A6AB34" />
  <Style name="keyword" color="#A082BD" />
  <Style name="keyword.access" color="#A082BD" />
  <Style name="keyword.type" color="#9EC3E2" />
  <Style name="keyword.semantic.type" color="#9EC3E2" />
  <Style name="keyword.semantic.field" color="#81ADEF" />
  <Style name="keyword.semantic.event" color="#FFFFFF" />
  <Style name="keyword.semantic.property" color="#FFFFFF" />
  <Style name="keyword.semantic.method" color="#C884B8" />
  <Style name="keyword.semantic.error" color="#F8F8F0" bgColor="#F92672" />
  <Style name="keyword.modifier" color="#A082BD" />
  <Style name="bubble.warning.text" color="#000000" bgColor="#444400" />
  <Style name="bubble.error.text" color="#FFFFFF" bgColor="#440000" />
  <Style name="comment.line" color="#88A297" />
  <Style name="comment.block" color="#88A297" />
  <Style name="comment.doc" color="#8FC4AD" />
  <Style name="comment.tag" color="#88A297" />
  <Style name="comment.tag.line" color="#74705D" />
  <Style name="comment.tag.block" color="#75715E" />
  <Style name="comment.tag.doc" color="#75715E" />
  <Style name="comment.keyword.todo" color="#6CC0B9" weight="Bold" />
  <Style name="constant.digit" color="#E8DF72" />
  <Style name="constant.language" color="#E8DF72" />
  <Style name="string.single" color="#FFA043" />
  <Style name="string.double" color="#FFA041" />
  <Style name="string.other" color="#FFA043" />
  <Style name="keyword.operator" color="#A082BD" />
  <Style name="keyword.operator.declaration" color="#A082BD" />
  <Style name="keyword.selection" color="#A082BD" />
  <Style name="keyword.iteration" color="#A082BD" />
  <Style name="keyword.jump" color="#A082BD" />
  <Style name="keyword.context" color="#A082BD" />
  <Style name="keyword.exceptions" color="#A082BD" />
  <Style name="keyword.namespace" color="#A082BD" />
  <Style name="keyword.property" color="#A082BD" />
  <Style name="keyword.declaration" color="#A082BD" />
  <Style name="keyword.parameter" color="#A082BD" />
  <Style name="keyword.misc" color="#A082BD" />
  <Style name="marker.debug.currentline" color="#000000" bgColor="#FFFF00" />
  <Style name="marker.debug.currentline.color1" color="#FFFF00" />
  <Style name="marker.debug.currentline.color2" color="#FFFFCC" />
  <Style name="marker.debug.stackline" color="#000000" bgColor="#80FF80" />
  <Style name="marker.debug.stackline.color1" color="#80FF80" />
  <Style name="marker.debug.stackline.color2" color="#CCFFCC" />
  <Style name="keyword.semantic.method.declaration" color="#C884B8" />
  <Style name="keyword.semantic.field.declaration" color="#81ADEF" />
  <Style name="keyword.semantic.type.declaration" color="#9EC3E2" />
  <Style name="keyword.semantic.property.declaration" color="#FFFFFF" />
</EditorStyle>