﻿<layouts>
  <layout name="Debug" width="1897" height="965" size="1897" prefSize="1897" defaultHorSize="-1" defaultVerSize="-1" type="Horizontal">
    <group size="176" prefSize="176" defaultHorSize="176" defaultVerSize="250" type="Tabbed" currentTabPage="0">
      <item size="0" prefSize="0" defaultHorSize="300" defaultVerSize="250" id="MonoDevelop.Ide.Gui.Pads.HelpTree" visible="False" status="Dockable" />
      <item size="0" prefSize="0" defaultHorSize="300" defaultVerSize="250" id="ClassPad" visible="False" status="AutoHide" autoHidePosition="Left" autoHideSize="200" />
      <item size="0" prefSize="0" defaultHorSize="300" defaultVerSize="250" id="ProjectPad" visible="True" status="Dockable" />
      <item size="300" prefSize="300" defaultHorSize="300" defaultVerSize="250" id="__left" visible="False" status="Dockable" />
    </group>
    <group size="1720" prefSize="1720" defaultHorSize="329.407114624506" defaultVerSize="250" type="Vertical">
      <item size="250" prefSize="250" defaultHorSize="300" defaultVerSize="250" id="__top" visible="False" status="Dockable" />
      <item size="692" prefSize="692" defaultHorSize="300" defaultVerSize="234.190769330988" id="Documents" visible="True" status="Dockable" />
      <group size="272" prefSize="272" defaultHorSize="300" defaultVerSize="272" type="Horizontal">
        <group size="859" prefSize="859" defaultHorSize="300" defaultVerSize="250" type="Tabbed" currentTabPage="1">
          <item size="0" prefSize="0" defaultHorSize="300" defaultVerSize="250" id="MonoDevelop.NUnit.TestResultsPad" visible="False" status="AutoHide" autoHidePosition="Bottom" autoHideSize="200" />
          <item size="0" prefSize="0" defaultHorSize="300" defaultVerSize="250" id="MonoDevelop.Ide.Gui.Pads.ErrorListPad" visible="True" status="AutoHide" autoHidePosition="Bottom" autoHideSize="328" />
          <item size="0" prefSize="0" defaultHorSize="300" defaultVerSize="250" id="MonoDevelop.Ide.Gui.Pads.TaskListPad" visible="True" status="AutoHide" autoHidePosition="Bottom" autoHideSize="200" />
          <item size="0" prefSize="0" defaultHorSize="300" defaultVerSize="250" id="MonoDevelop.Debugger.WatchPad" visible="True" status="Dockable" />
          <item size="0" prefSize="0" defaultHorSize="300" defaultVerSize="250" id="MonoDevelop.Debugger.LocalsPad" visible="True" status="Dockable" />
          <item size="0" prefSize="0" defaultHorSize="300" defaultVerSize="250" id="MonoDevelop.Debugger.BreakpointPad" visible="True" status="Dockable" />
          <item size="0" prefSize="0" defaultHorSize="300" defaultVerSize="250" id="MonoDevelop.Debugger.ThreadsPad" visible="True" status="Dockable" />
          <item size="0" prefSize="0" defaultHorSize="300" defaultVerSize="250" id="OutputPad-MonoDevelop.Ide.ApplicationOutput-0" visible="False" status="AutoHide" autoHidePosition="Bottom" autoHideSize="200" />
          <item size="250" prefSize="250" defaultHorSize="300" defaultVerSize="250" id="__bottom" visible="False" status="Dockable" />
        </group>
        <group size="860" prefSize="860" defaultHorSize="300" defaultVerSize="250" type="Tabbed" currentTabPage="0">
          <item size="0" prefSize="0" defaultHorSize="300" defaultVerSize="250" id="MonoDevelop.Debugger.StackTracePad" visible="True" status="Dockable" />
          <item size="0" prefSize="0" defaultHorSize="300" defaultVerSize="250" id="MonoDevelop.Debugger.ImmediatePad" visible="True" status="Dockable" />
        </group>
      </group>
    </group>
    <group size="300" prefSize="300" defaultHorSize="300" defaultVerSize="250" type="Vertical">
      <group size="300" prefSize="300" defaultHorSize="-1" defaultVerSize="-1" type="Tabbed" currentTabPage="0">
        <item size="0" prefSize="0" defaultHorSize="300" defaultVerSize="250" id="MonoDevelop.DesignerSupport.ToolboxPad" visible="True" status="AutoHide" autoHidePosition="Right" autoHideSize="200" />
        <item size="0" prefSize="0" defaultHorSize="300" defaultVerSize="250" id="MonoDevelop.NUnit.TestPad" visible="True" status="AutoHide" autoHidePosition="Right" autoHideSize="200" />
        <item size="300" prefSize="300" defaultHorSize="300" defaultVerSize="250" id="__right" visible="False" status="Dockable" />
      </group>
      <group size="0" prefSize="0" defaultHorSize="-1" defaultVerSize="-1" type="Tabbed" currentTabPage="0">
        <item size="0" prefSize="0" defaultHorSize="-1" defaultVerSize="-1" id="MonoDevelop.DesignerSupport.PropertyPad" visible="True" status="AutoHide" autoHidePosition="Right" autoHideSize="200" />
        <item size="0" prefSize="0" defaultHorSize="300" defaultVerSize="250" id="MonoDevelop.DesignerSupport.DocumentOutlinePad" visible="True" status="AutoHide" autoHidePosition="Right" autoHideSize="200" />
      </group>
    </group>
  </layout>
  <layout name="Solution" width="1897" height="965" size="1897" prefSize="1897" defaultHorSize="-1" defaultVerSize="-1" type="Horizontal">
    <group size="228" prefSize="228" defaultHorSize="228" defaultVerSize="250" type="Tabbed" currentTabPage="0">
      <item size="0" prefSize="0" defaultHorSize="300" defaultVerSize="250" id="MonoDevelop.Ide.Gui.Pads.HelpTree" visible="False" status="Dockable" />
      <item size="0" prefSize="0" defaultHorSize="300" defaultVerSize="250" id="ClassPad" visible="False" status="AutoHide" autoHidePosition="Left" autoHideSize="200" />
      <item size="-1" prefSize="-1" defaultHorSize="300" defaultVerSize="250" id="ProjectPad" visible="True" status="Dockable" />
      <item size="300" prefSize="300" defaultHorSize="300" defaultVerSize="250" id="__left" visible="False" status="Dockable" />
    </group>
    <group size="1668" prefSize="1668" defaultHorSize="319.424558914472" defaultVerSize="250" type="Vertical">
      <item size="250" prefSize="250" defaultHorSize="300" defaultVerSize="250" id="__top" visible="False" status="Dockable" />
      <item size="965" prefSize="965" defaultHorSize="300" defaultVerSize="250" id="Documents" visible="True" status="Dockable" />
      <group size="250" prefSize="250" defaultHorSize="300" defaultVerSize="250" type="Horizontal">
        <group size="250" prefSize="250" defaultHorSize="-1" defaultVerSize="-1" type="Tabbed" currentTabPage="0">
          <item size="0" prefSize="0" defaultHorSize="300" defaultVerSize="250" id="MonoDevelop.Debugger.WatchPad" visible="False" status="Dockable" />
          <item size="0" prefSize="0" defaultHorSize="300" defaultVerSize="250" id="MonoDevelop.Debugger.LocalsPad" visible="False" status="Dockable" />
          <item size="0" prefSize="0" defaultHorSize="300" defaultVerSize="250" id="MonoDevelop.Debugger.BreakpointPad" visible="False" status="Dockable" />
          <item size="0" prefSize="0" defaultHorSize="300" defaultVerSize="250" id="MonoDevelop.Debugger.ThreadsPad" visible="False" status="Dockable" />
          <item size="0" prefSize="0" defaultHorSize="300" defaultVerSize="250" id="MonoDevelop.NUnit.TestResultsPad" visible="False" status="AutoHide" autoHidePosition="Bottom" autoHideSize="200" />
          <item size="0" prefSize="0" defaultHorSize="300" defaultVerSize="250" id="MonoDevelop.Ide.Gui.Pads.ErrorListPad" visible="True" status="AutoHide" autoHidePosition="Bottom" autoHideSize="200" />
          <item size="0" prefSize="0" defaultHorSize="300" defaultVerSize="250" id="MonoDevelop.Ide.Gui.Pads.TaskListPad" visible="True" status="AutoHide" autoHidePosition="Bottom" autoHideSize="200" />
          <item size="0" prefSize="0" defaultHorSize="300" defaultVerSize="250" id="OutputPad-MonoDevelop.Ide.ApplicationOutput-0" visible="False" status="AutoHide" autoHidePosition="Bottom" autoHideSize="200" />
          <item size="0" prefSize="0" defaultHorSize="300" defaultVerSize="250" id="OutputPad-MonoDevelop.VersionControlOutput-0" visible="False" status="AutoHide" autoHidePosition="Bottom" autoHideSize="200" />
          <item size="250" prefSize="250" defaultHorSize="300" defaultVerSize="250" id="__bottom" visible="False" status="Dockable" />
        </group>
        <group size="0" prefSize="0" defaultHorSize="-1" defaultVerSize="-1" type="Tabbed" currentTabPage="0">
          <item size="0" prefSize="0" defaultHorSize="-1" defaultVerSize="-1" id="MonoDevelop.Debugger.StackTracePad" visible="False" status="Dockable" />
          <item size="0" prefSize="0" defaultHorSize="300" defaultVerSize="250" id="MonoDevelop.Debugger.ImmediatePad" visible="False" status="Dockable" />
        </group>
      </group>
    </group>
    <group size="300" prefSize="300" defaultHorSize="300" defaultVerSize="250" type="Tabbed" currentTabPage="0">
      <item size="0" prefSize="0" defaultHorSize="300" defaultVerSize="250" id="MonoDevelop.DesignerSupport.ToolboxPad" visible="True" status="AutoHide" autoHidePosition="Right" autoHideSize="200" />
      <item size="0" prefSize="0" defaultHorSize="300" defaultVerSize="250" id="MonoDevelop.DesignerSupport.PropertyPad" visible="True" status="AutoHide" autoHidePosition="Right" autoHideSize="200" />
      <item size="0" prefSize="0" defaultHorSize="300" defaultVerSize="250" id="MonoDevelop.DesignerSupport.DocumentOutlinePad" visible="True" status="AutoHide" autoHidePosition="Right" autoHideSize="200" />
      <item size="0" prefSize="0" defaultHorSize="300" defaultVerSize="250" id="MonoDevelop.NUnit.TestPad" visible="True" status="AutoHide" autoHidePosition="Right" autoHideSize="200" />
      <item size="300" prefSize="300" defaultHorSize="300" defaultVerSize="250" id="__right" visible="False" status="Dockable" />
    </group>
  </layout>
</layouts>